"ChargePeriodStartTimestamp","ChargePeriodStartDate","Metric","ProjectId","ProjectName","Charges (USD)","Usage","Formatted Usage"
"2025-07-05T07:00:00.000Z","2025-07-05","Function Duration","","",0,0,"0 GB Hrs"
"2025-07-05T07:00:00.000Z","2025-07-05","Advanced Deployment Protection","","",0,0,""
"2025-07-05T07:00:00.000Z","2025-07-05","Fast Data Transfer","","",0,0,"0 B"
"2025-07-05T07:00:00.000Z","2025-07-05","Fluid Provisioned Memory","","",0,0,"0 GB Hrs"
"2025-07-05T07:00:00.000Z","2025-07-05","Edge Function Execution Units","","",0,0,"0 Execution Units"
"2025-07-05T07:00:00.000Z","2025-07-05","Runtime Cache Writes","","",0,0,"0 Writes"
"2025-07-05T07:00:00.000Z","2025-07-05","Sandbox Provisioned Memory","","",0,0,"0 GB Hrs"
"2025-07-05T07:00:00.000Z","2025-07-05","BotID Requests","","",0,0,"0 Requests"
"2025-07-05T07:00:00.000Z","2025-07-05","ISR Writes","","",0,0,"0 Writes"
"2025-07-05T07:00:00.000Z","2025-07-05","Function Invocations","","",0,0,"0 Invocations"
"2025-07-05T07:00:00.000Z","2025-07-05","Fast Origin Transfer","","",0,0,"0 B"
"2025-07-05T07:00:00.000Z","2025-07-05","Speed Insights Data Points","","",0,0,"0 Data Points"
"2025-07-05T07:00:00.000Z","2025-07-05","Edge Middleware Invocations","","",0,0,"0 Invocations"
"2025-07-05T07:00:00.000Z","2025-07-05","Speed Insights (formerly named Analytics)","","",0,0,"0 Projects"
"2025-07-05T07:00:00.000Z","2025-07-05","Image Optimization Cache Writes","","",0,0,"0 Writes"
"2025-07-05T07:00:00.000Z","2025-07-05","Sandbox Data Transfer","","",0,0,"0 B"
"2025-07-05T07:00:00.000Z","2025-07-05","Preview Deployment Suffix","","",0,0,""
"2025-07-05T07:00:00.000Z","2025-07-05","Monitoring","","",0,0,""
"2025-07-05T07:00:00.000Z","2025-07-05","Blob Storage Size","","",0,0,"0 B"
"2025-07-05T07:00:00.000Z","2025-07-05","Team Seats","","",0,1,"1 Seat"
"2025-07-05T07:00:00.000Z","2025-07-05","Fluid Active CPU","","",0,0,"0 ms"
"2025-07-05T07:00:00.000Z","2025-07-05","Log Drains Volume","","",0,0,"0 B"
"2025-07-05T07:00:00.000Z","2025-07-05","On-Demand Concurrent Build Minutes","","",0,0,"0 ms"
"2025-07-05T07:00:00.000Z","2025-07-05","Firewall Rate Limit Requests","","",0,0,"0 Requests"
"2025-07-05T07:00:00.000Z","2025-07-05","Blob Data Transfer","","",0,0,"0 B"
"2025-07-05T07:00:00.000Z","2025-07-05","Sandbox Creations","","",0,0,"0 Creations"
"2025-07-05T07:00:00.000Z","2025-07-05","Blob Advanced Operations","","",0,0,"0 Operations"
"2025-07-05T07:00:00.000Z","2025-07-05","Monitoring data points","","",0,0,"0 Events"
"2025-07-05T07:00:00.000Z","2025-07-05","Blob Simple Operations","","",0,0,"0 Operations"
"2025-07-05T07:00:00.000Z","2025-07-05","Edge Requests","","",0,0,"0 Requests"
"2025-07-05T07:00:00.000Z","2025-07-05","Source Images","","",0,0,"0 Images"
"2025-07-05T07:00:00.000Z","2025-07-05","Vercel Remote Caching","","",0,0,"0 B"
"2025-07-05T07:00:00.000Z","2025-07-05","Edge Config Writes","","",0,0,"0 Writes"
"2025-07-05T07:00:00.000Z","2025-07-05","Runtime Cache Reads","","",0,0,"0 Reads"
"2025-07-05T07:00:00.000Z","2025-07-05","Edge Request CPU Duration","","",0,0,"0 ms"
"2025-07-05T07:00:00.000Z","2025-07-05","Edge Config Reads","","",0,0,"0 Reads"
"2025-07-05T07:00:00.000Z","2025-07-05","Concurrent Builds","","",0,1,"1 Build"
"2025-07-05T07:00:00.000Z","2025-07-05","ISR Reads","","",0,0,"0 Reads"
"2025-07-05T07:00:00.000Z","2025-07-05","Image Transformations","","",0,0,"0 Transformations"
"2025-07-05T07:00:00.000Z","2025-07-05","Image Optimization Cache Reads","","",0,0,"0 Reads"
"2025-07-05T07:00:00.000Z","2025-07-05","Sandbox Active CPU","","",0,0,"0 ms"
"2025-07-05T07:00:00.000Z","2025-07-05","Secure Compute Data Transfer","","",0,0,"0 B"
"2025-07-05T07:00:00.000Z","2025-07-05","Web Analytics Events","","",0,0,"0 Events"
"2025-07-06T07:00:00.000Z","2025-07-06","Function Duration","","",0,0,"0 GB Hrs"
"2025-07-06T07:00:00.000Z","2025-07-06","Advanced Deployment Protection","","",0,0,""
"2025-07-06T07:00:00.000Z","2025-07-06","Fast Data Transfer","","",0,0,"0 B"
"2025-07-06T07:00:00.000Z","2025-07-06","Fluid Provisioned Memory","","",0,0,"0 GB Hrs"
"2025-07-06T07:00:00.000Z","2025-07-06","Edge Function Execution Units","","",0,0,"0 Execution Units"
"2025-07-06T07:00:00.000Z","2025-07-06","Runtime Cache Writes","","",0,0,"0 Writes"
"2025-07-06T07:00:00.000Z","2025-07-06","Sandbox Provisioned Memory","","",0,0,"0 GB Hrs"
"2025-07-06T07:00:00.000Z","2025-07-06","BotID Requests","","",0,0,"0 Requests"
"2025-07-06T07:00:00.000Z","2025-07-06","ISR Writes","","",0,0,"0 Writes"
"2025-07-06T07:00:00.000Z","2025-07-06","Function Invocations","","",0,0,"0 Invocations"
"2025-07-06T07:00:00.000Z","2025-07-06","Fast Origin Transfer","","",0,0,"0 B"
"2025-07-06T07:00:00.000Z","2025-07-06","Speed Insights Data Points","","",0,0,"0 Data Points"
"2025-07-06T07:00:00.000Z","2025-07-06","Edge Middleware Invocations","","",0,0,"0 Invocations"
"2025-07-06T07:00:00.000Z","2025-07-06","Speed Insights (formerly named Analytics)","","",0,0,"0 Projects"
"2025-07-06T07:00:00.000Z","2025-07-06","Image Optimization Cache Writes","","",0,0,"0 Writes"
"2025-07-06T07:00:00.000Z","2025-07-06","Sandbox Data Transfer","","",0,0,"0 B"
"2025-07-06T07:00:00.000Z","2025-07-06","Preview Deployment Suffix","","",0,0,""
"2025-07-06T07:00:00.000Z","2025-07-06","Monitoring","","",0,0,""
"2025-07-06T07:00:00.000Z","2025-07-06","Blob Storage Size","","",0,0,"0 B"
"2025-07-06T07:00:00.000Z","2025-07-06","Team Seats","","",0,0,"0 Seats"
"2025-07-06T07:00:00.000Z","2025-07-06","Fluid Active CPU","","",0,0,"0 ms"
"2025-07-06T07:00:00.000Z","2025-07-06","Log Drains Volume","","",0,0,"0 B"
"2025-07-06T07:00:00.000Z","2025-07-06","On-Demand Concurrent Build Minutes","","",0,0,"0 ms"
"2025-07-06T07:00:00.000Z","2025-07-06","Firewall Rate Limit Requests","","",0,0,"0 Requests"
"2025-07-06T07:00:00.000Z","2025-07-06","Blob Data Transfer","","",0,0,"0 B"
"2025-07-06T07:00:00.000Z","2025-07-06","Sandbox Creations","","",0,0,"0 Creations"
"2025-07-06T07:00:00.000Z","2025-07-06","Blob Advanced Operations","","",0,0,"0 Operations"
"2025-07-06T07:00:00.000Z","2025-07-06","Monitoring data points","","",0,0,"0 Events"
"2025-07-06T07:00:00.000Z","2025-07-06","Blob Simple Operations","","",0,0,"0 Operations"
"2025-07-06T07:00:00.000Z","2025-07-06","Edge Requests","","",0,0,"0 Requests"
"2025-07-06T07:00:00.000Z","2025-07-06","Source Images","","",0,0,"0 Images"
"2025-07-06T07:00:00.000Z","2025-07-06","Vercel Remote Caching","","",0,0,"0 B"
"2025-07-06T07:00:00.000Z","2025-07-06","Edge Config Writes","","",0,0,"0 Writes"
"2025-07-06T07:00:00.000Z","2025-07-06","Runtime Cache Reads","","",0,0,"0 Reads"
"2025-07-06T07:00:00.000Z","2025-07-06","Edge Request CPU Duration","","",0,0,"0 ms"
"2025-07-06T07:00:00.000Z","2025-07-06","Edge Config Reads","","",0,0,"0 Reads"
"2025-07-06T07:00:00.000Z","2025-07-06","Concurrent Builds","","",0,0,"0 Builds"
"2025-07-06T07:00:00.000Z","2025-07-06","ISR Reads","","",0,0,"0 Reads"
"2025-07-06T07:00:00.000Z","2025-07-06","Image Transformations","","",0,0,"0 Transformations"
"2025-07-06T07:00:00.000Z","2025-07-06","Image Optimization Cache Reads","","",0,0,"0 Reads"
"2025-07-06T07:00:00.000Z","2025-07-06","Sandbox Active CPU","","",0,0,"0 ms"
"2025-07-06T07:00:00.000Z","2025-07-06","Secure Compute Data Transfer","","",0,0,"0 B"
"2025-07-06T07:00:00.000Z","2025-07-06","Web Analytics Events","","",0,0,"0 Events"
"2025-07-07T07:00:00.000Z","2025-07-07","Function Duration","","",0,0,"0 GB Hrs"
"2025-07-07T07:00:00.000Z","2025-07-07","Advanced Deployment Protection","","",0,0,""
"2025-07-07T07:00:00.000Z","2025-07-07","Fast Data Transfer","","",0,0,"0 B"
"2025-07-07T07:00:00.000Z","2025-07-07","Fluid Provisioned Memory","","",0,0,"0 GB Hrs"
"2025-07-07T07:00:00.000Z","2025-07-07","Edge Function Execution Units","","",0,0,"0 Execution Units"
"2025-07-07T07:00:00.000Z","2025-07-07","Runtime Cache Writes","","",0,0,"0 Writes"
"2025-07-07T07:00:00.000Z","2025-07-07","Sandbox Provisioned Memory","","",0,0,"0 GB Hrs"
"2025-07-07T07:00:00.000Z","2025-07-07","BotID Requests","","",0,0,"0 Requests"
"2025-07-07T07:00:00.000Z","2025-07-07","ISR Writes","","",0,0,"0 Writes"
"2025-07-07T07:00:00.000Z","2025-07-07","Function Invocations","","",0,0,"0 Invocations"
"2025-07-07T07:00:00.000Z","2025-07-07","Fast Origin Transfer","","",0,0,"0 B"
"2025-07-07T07:00:00.000Z","2025-07-07","Speed Insights Data Points","","",0,0,"0 Data Points"
"2025-07-07T07:00:00.000Z","2025-07-07","Edge Middleware Invocations","","",0,0,"0 Invocations"
"2025-07-07T07:00:00.000Z","2025-07-07","Speed Insights (formerly named Analytics)","","",0,0,"0 Projects"
"2025-07-07T07:00:00.000Z","2025-07-07","Image Optimization Cache Writes","","",0,0,"0 Writes"
"2025-07-07T07:00:00.000Z","2025-07-07","Sandbox Data Transfer","","",0,0,"0 B"
"2025-07-07T07:00:00.000Z","2025-07-07","Preview Deployment Suffix","","",0,0,""
"2025-07-07T07:00:00.000Z","2025-07-07","Monitoring","","",0,0,""
"2025-07-07T07:00:00.000Z","2025-07-07","Blob Storage Size","","",0,0,"0 B"
"2025-07-07T07:00:00.000Z","2025-07-07","Team Seats","","",0,0,"0 Seats"
"2025-07-07T07:00:00.000Z","2025-07-07","Fluid Active CPU","","",0,0,"0 ms"
"2025-07-07T07:00:00.000Z","2025-07-07","Log Drains Volume","","",0,0,"0 B"
"2025-07-07T07:00:00.000Z","2025-07-07","On-Demand Concurrent Build Minutes","","",0,0,"0 ms"
"2025-07-07T07:00:00.000Z","2025-07-07","Firewall Rate Limit Requests","","",0,0,"0 Requests"
"2025-07-07T07:00:00.000Z","2025-07-07","Blob Data Transfer","","",0,0,"0 B"
"2025-07-07T07:00:00.000Z","2025-07-07","Sandbox Creations","","",0,0,"0 Creations"
"2025-07-07T07:00:00.000Z","2025-07-07","Blob Advanced Operations","","",0,0,"0 Operations"
"2025-07-07T07:00:00.000Z","2025-07-07","Monitoring data points","","",0,0,"0 Events"
"2025-07-07T07:00:00.000Z","2025-07-07","Blob Simple Operations","","",0,0,"0 Operations"
"2025-07-07T07:00:00.000Z","2025-07-07","Edge Requests","","",0,0,"0 Requests"
"2025-07-07T07:00:00.000Z","2025-07-07","Source Images","","",0,0,"0 Images"
"2025-07-07T07:00:00.000Z","2025-07-07","Vercel Remote Caching","","",0,0,"0 B"
"2025-07-07T07:00:00.000Z","2025-07-07","Edge Config Writes","","",0,0,"0 Writes"
"2025-07-07T07:00:00.000Z","2025-07-07","Runtime Cache Reads","","",0,0,"0 Reads"
"2025-07-07T07:00:00.000Z","2025-07-07","Edge Request CPU Duration","","",0,0,"0 ms"
"2025-07-07T07:00:00.000Z","2025-07-07","Edge Config Reads","","",0,0,"0 Reads"
"2025-07-07T07:00:00.000Z","2025-07-07","Concurrent Builds","","",0,0,"0 Builds"
"2025-07-07T07:00:00.000Z","2025-07-07","ISR Reads","","",0,0,"0 Reads"
"2025-07-07T07:00:00.000Z","2025-07-07","Image Transformations","","",0,0,"0 Transformations"
"2025-07-07T07:00:00.000Z","2025-07-07","Image Optimization Cache Reads","","",0,0,"0 Reads"
"2025-07-07T07:00:00.000Z","2025-07-07","Sandbox Active CPU","","",0,0,"0 ms"
"2025-07-07T07:00:00.000Z","2025-07-07","Secure Compute Data Transfer","","",0,0,"0 B"
"2025-07-07T07:00:00.000Z","2025-07-07","Web Analytics Events","","",0,0,"0 Events"
"2025-07-08T07:00:00.000Z","2025-07-08","Function Duration","","",0,0,"0 GB Hrs"
"2025-07-08T07:00:00.000Z","2025-07-08","Advanced Deployment Protection","","",0,0,""
"2025-07-08T07:00:00.000Z","2025-07-08","Fast Data Transfer","","",0,0,"0 B"
"2025-07-08T07:00:00.000Z","2025-07-08","Fluid Provisioned Memory","","",0,0,"0 GB Hrs"
"2025-07-08T07:00:00.000Z","2025-07-08","Edge Function Execution Units","","",0,0,"0 Execution Units"
"2025-07-08T07:00:00.000Z","2025-07-08","Runtime Cache Writes","","",0,0,"0 Writes"
"2025-07-08T07:00:00.000Z","2025-07-08","Sandbox Provisioned Memory","","",0,0,"0 GB Hrs"
"2025-07-08T07:00:00.000Z","2025-07-08","BotID Requests","","",0,0,"0 Requests"
"2025-07-08T07:00:00.000Z","2025-07-08","ISR Writes","","",0,0,"0 Writes"
"2025-07-08T07:00:00.000Z","2025-07-08","Function Invocations","","",0,0,"0 Invocations"
"2025-07-08T07:00:00.000Z","2025-07-08","Fast Origin Transfer","","",0,0,"0 B"
"2025-07-08T07:00:00.000Z","2025-07-08","Speed Insights Data Points","","",0,0,"0 Data Points"
"2025-07-08T07:00:00.000Z","2025-07-08","Edge Middleware Invocations","","",0,0,"0 Invocations"
"2025-07-08T07:00:00.000Z","2025-07-08","Speed Insights (formerly named Analytics)","","",0,0,"0 Projects"
"2025-07-08T07:00:00.000Z","2025-07-08","Image Optimization Cache Writes","","",0,0,"0 Writes"
"2025-07-08T07:00:00.000Z","2025-07-08","Sandbox Data Transfer","","",0,0,"0 B"
"2025-07-08T07:00:00.000Z","2025-07-08","Preview Deployment Suffix","","",0,0,""
"2025-07-08T07:00:00.000Z","2025-07-08","Monitoring","","",0,0,""
"2025-07-08T07:00:00.000Z","2025-07-08","Blob Storage Size","","",0,0,"0 B"
"2025-07-08T07:00:00.000Z","2025-07-08","Team Seats","","",0,0,"0 Seats"
"2025-07-08T07:00:00.000Z","2025-07-08","Fluid Active CPU","","",0,0,"0 ms"
"2025-07-08T07:00:00.000Z","2025-07-08","Log Drains Volume","","",0,0,"0 B"
"2025-07-08T07:00:00.000Z","2025-07-08","On-Demand Concurrent Build Minutes","","",0,0,"0 ms"
"2025-07-08T07:00:00.000Z","2025-07-08","Firewall Rate Limit Requests","","",0,0,"0 Requests"
"2025-07-08T07:00:00.000Z","2025-07-08","Blob Data Transfer","","",0,0,"0 B"
"2025-07-08T07:00:00.000Z","2025-07-08","Sandbox Creations","","",0,0,"0 Creations"
"2025-07-08T07:00:00.000Z","2025-07-08","Blob Advanced Operations","","",0,0,"0 Operations"
"2025-07-08T07:00:00.000Z","2025-07-08","Monitoring data points","","",0,0,"0 Events"
"2025-07-08T07:00:00.000Z","2025-07-08","Blob Simple Operations","","",0,0,"0 Operations"
"2025-07-08T07:00:00.000Z","2025-07-08","Edge Requests","","",0,0,"0 Requests"
"2025-07-08T07:00:00.000Z","2025-07-08","Source Images","","",0,0,"0 Images"
"2025-07-08T07:00:00.000Z","2025-07-08","Vercel Remote Caching","","",0,0,"0 B"
"2025-07-08T07:00:00.000Z","2025-07-08","Edge Config Writes","","",0,0,"0 Writes"
"2025-07-08T07:00:00.000Z","2025-07-08","Runtime Cache Reads","","",0,0,"0 Reads"
"2025-07-08T07:00:00.000Z","2025-07-08","Edge Request CPU Duration","","",0,0,"0 ms"
"2025-07-08T07:00:00.000Z","2025-07-08","Edge Config Reads","","",0,0,"0 Reads"
"2025-07-08T07:00:00.000Z","2025-07-08","Concurrent Builds","","",0,0,"0 Builds"
"2025-07-08T07:00:00.000Z","2025-07-08","ISR Reads","","",0,0,"0 Reads"
"2025-07-08T07:00:00.000Z","2025-07-08","Image Transformations","","",0,0,"0 Transformations"
"2025-07-08T07:00:00.000Z","2025-07-08","Image Optimization Cache Reads","","",0,0,"0 Reads"
"2025-07-08T07:00:00.000Z","2025-07-08","Sandbox Active CPU","","",0,0,"0 ms"
"2025-07-08T07:00:00.000Z","2025-07-08","Secure Compute Data Transfer","","",0,0,"0 B"
"2025-07-08T07:00:00.000Z","2025-07-08","Web Analytics Events","","",0,0,"0 Events"
"2025-07-09T07:00:00.000Z","2025-07-09","Function Duration","","",0,0,"0 GB Hrs"
"2025-07-09T07:00:00.000Z","2025-07-09","Advanced Deployment Protection","","",0,0,""
"2025-07-09T07:00:00.000Z","2025-07-09","Fast Data Transfer","","",0,0,"0 B"
"2025-07-09T07:00:00.000Z","2025-07-09","Fluid Provisioned Memory","","",0,0,"0 GB Hrs"
"2025-07-09T07:00:00.000Z","2025-07-09","Edge Function Execution Units","","",0,0,"0 Execution Units"
"2025-07-09T07:00:00.000Z","2025-07-09","Runtime Cache Writes","","",0,0,"0 Writes"
"2025-07-09T07:00:00.000Z","2025-07-09","Sandbox Provisioned Memory","","",0,0,"0 GB Hrs"
"2025-07-09T07:00:00.000Z","2025-07-09","BotID Requests","","",0,0,"0 Requests"
"2025-07-09T07:00:00.000Z","2025-07-09","ISR Writes","","",0,0,"0 Writes"
"2025-07-09T07:00:00.000Z","2025-07-09","Function Invocations","","",0,0,"0 Invocations"
"2025-07-09T07:00:00.000Z","2025-07-09","Fast Origin Transfer","","",0,0,"0 B"
"2025-07-09T07:00:00.000Z","2025-07-09","Speed Insights Data Points","","",0,0,"0 Data Points"
"2025-07-09T07:00:00.000Z","2025-07-09","Edge Middleware Invocations","","",0,0,"0 Invocations"
"2025-07-09T07:00:00.000Z","2025-07-09","Speed Insights (formerly named Analytics)","","",0,0,"0 Projects"
"2025-07-09T07:00:00.000Z","2025-07-09","Image Optimization Cache Writes","","",0,0,"0 Writes"
"2025-07-09T07:00:00.000Z","2025-07-09","Sandbox Data Transfer","","",0,0,"0 B"
"2025-07-09T07:00:00.000Z","2025-07-09","Preview Deployment Suffix","","",0,0,""
"2025-07-09T07:00:00.000Z","2025-07-09","Monitoring","","",0,0,""
"2025-07-09T07:00:00.000Z","2025-07-09","Blob Storage Size","","",0,0,"0 B"
"2025-07-09T07:00:00.000Z","2025-07-09","Team Seats","","",0,0,"0 Seats"
"2025-07-09T07:00:00.000Z","2025-07-09","Fluid Active CPU","","",0,0,"0 ms"
"2025-07-09T07:00:00.000Z","2025-07-09","Log Drains Volume","","",0,0,"0 B"
"2025-07-09T07:00:00.000Z","2025-07-09","On-Demand Concurrent Build Minutes","","",0,0,"0 ms"
"2025-07-09T07:00:00.000Z","2025-07-09","Firewall Rate Limit Requests","","",0,0,"0 Requests"
"2025-07-09T07:00:00.000Z","2025-07-09","Blob Data Transfer","","",0,0,"0 B"
"2025-07-09T07:00:00.000Z","2025-07-09","Sandbox Creations","","",0,0,"0 Creations"
"2025-07-09T07:00:00.000Z","2025-07-09","Blob Advanced Operations","","",0,0,"0 Operations"
"2025-07-09T07:00:00.000Z","2025-07-09","Monitoring data points","","",0,0,"0 Events"
"2025-07-09T07:00:00.000Z","2025-07-09","Blob Simple Operations","","",0,0,"0 Operations"
"2025-07-09T07:00:00.000Z","2025-07-09","Edge Requests","","",0,0,"0 Requests"
"2025-07-09T07:00:00.000Z","2025-07-09","Source Images","","",0,0,"0 Images"
"2025-07-09T07:00:00.000Z","2025-07-09","Vercel Remote Caching","","",0,0,"0 B"
"2025-07-09T07:00:00.000Z","2025-07-09","Edge Config Writes","","",0,0,"0 Writes"
"2025-07-09T07:00:00.000Z","2025-07-09","Runtime Cache Reads","","",0,0,"0 Reads"
"2025-07-09T07:00:00.000Z","2025-07-09","Edge Request CPU Duration","","",0,0,"0 ms"
"2025-07-09T07:00:00.000Z","2025-07-09","Edge Config Reads","","",0,0,"0 Reads"
"2025-07-09T07:00:00.000Z","2025-07-09","Concurrent Builds","","",0,0,"0 Builds"
"2025-07-09T07:00:00.000Z","2025-07-09","ISR Reads","","",0,0,"0 Reads"
"2025-07-09T07:00:00.000Z","2025-07-09","Image Transformations","","",0,0,"0 Transformations"
"2025-07-09T07:00:00.000Z","2025-07-09","Image Optimization Cache Reads","","",0,0,"0 Reads"
"2025-07-09T07:00:00.000Z","2025-07-09","Sandbox Active CPU","","",0,0,"0 ms"
"2025-07-09T07:00:00.000Z","2025-07-09","Secure Compute Data Transfer","","",0,0,"0 B"
"2025-07-09T07:00:00.000Z","2025-07-09","Web Analytics Events","","",0,0,"0 Events"
"2025-07-10T07:00:00.000Z","2025-07-10","Function Duration","","",0,0,"0 GB Hrs"
"2025-07-10T07:00:00.000Z","2025-07-10","Advanced Deployment Protection","","",0,0,""
"2025-07-10T07:00:00.000Z","2025-07-10","Fast Data Transfer","","",0,0,"0 B"
"2025-07-10T07:00:00.000Z","2025-07-10","Fluid Provisioned Memory","","",0,0,"0 GB Hrs"
"2025-07-10T07:00:00.000Z","2025-07-10","Edge Function Execution Units","","",0,0,"0 Execution Units"
"2025-07-10T07:00:00.000Z","2025-07-10","Runtime Cache Writes","","",0,0,"0 Writes"
"2025-07-10T07:00:00.000Z","2025-07-10","Sandbox Provisioned Memory","","",0,0,"0 GB Hrs"
"2025-07-10T07:00:00.000Z","2025-07-10","BotID Requests","","",0,0,"0 Requests"
"2025-07-10T07:00:00.000Z","2025-07-10","ISR Writes","","",0,0,"0 Writes"
"2025-07-10T07:00:00.000Z","2025-07-10","Function Invocations","","",0,0,"0 Invocations"
"2025-07-10T07:00:00.000Z","2025-07-10","Fast Origin Transfer","","",0,0,"0 B"
"2025-07-10T07:00:00.000Z","2025-07-10","Speed Insights Data Points","","",0,0,"0 Data Points"
"2025-07-10T07:00:00.000Z","2025-07-10","Edge Middleware Invocations","","",0,0,"0 Invocations"
"2025-07-10T07:00:00.000Z","2025-07-10","Speed Insights (formerly named Analytics)","","",0,0,"0 Projects"
"2025-07-10T07:00:00.000Z","2025-07-10","Image Optimization Cache Writes","","",0,0,"0 Writes"
"2025-07-10T07:00:00.000Z","2025-07-10","Sandbox Data Transfer","","",0,0,"0 B"
"2025-07-10T07:00:00.000Z","2025-07-10","Preview Deployment Suffix","","",0,0,""
"2025-07-10T07:00:00.000Z","2025-07-10","Monitoring","","",0,0,""
"2025-07-10T07:00:00.000Z","2025-07-10","Blob Storage Size","","",0,0,"0 B"
"2025-07-10T07:00:00.000Z","2025-07-10","Team Seats","","",0,0,"0 Seats"
"2025-07-10T07:00:00.000Z","2025-07-10","Fluid Active CPU","","",0,0,"0 ms"
"2025-07-10T07:00:00.000Z","2025-07-10","Log Drains Volume","","",0,0,"0 B"
"2025-07-10T07:00:00.000Z","2025-07-10","On-Demand Concurrent Build Minutes","","",0,0,"0 ms"
"2025-07-10T07:00:00.000Z","2025-07-10","Firewall Rate Limit Requests","","",0,0,"0 Requests"
"2025-07-10T07:00:00.000Z","2025-07-10","Blob Data Transfer","","",0,0,"0 B"
"2025-07-10T07:00:00.000Z","2025-07-10","Sandbox Creations","","",0,0,"0 Creations"
"2025-07-10T07:00:00.000Z","2025-07-10","Blob Advanced Operations","","",0,0,"0 Operations"
"2025-07-10T07:00:00.000Z","2025-07-10","Monitoring data points","","",0,0,"0 Events"
"2025-07-10T07:00:00.000Z","2025-07-10","Blob Simple Operations","","",0,0,"0 Operations"
"2025-07-10T07:00:00.000Z","2025-07-10","Edge Requests","","",0,0,"0 Requests"
"2025-07-10T07:00:00.000Z","2025-07-10","Source Images","","",0,0,"0 Images"
"2025-07-10T07:00:00.000Z","2025-07-10","Vercel Remote Caching","","",0,0,"0 B"
"2025-07-10T07:00:00.000Z","2025-07-10","Edge Config Writes","","",0,0,"0 Writes"
"2025-07-10T07:00:00.000Z","2025-07-10","Runtime Cache Reads","","",0,0,"0 Reads"
"2025-07-10T07:00:00.000Z","2025-07-10","Edge Request CPU Duration","","",0,0,"0 ms"
"2025-07-10T07:00:00.000Z","2025-07-10","Edge Config Reads","","",0,0,"0 Reads"
"2025-07-10T07:00:00.000Z","2025-07-10","Concurrent Builds","","",0,0,"0 Builds"
"2025-07-10T07:00:00.000Z","2025-07-10","ISR Reads","","",0,0,"0 Reads"
"2025-07-10T07:00:00.000Z","2025-07-10","Image Transformations","","",0,0,"0 Transformations"
"2025-07-10T07:00:00.000Z","2025-07-10","Image Optimization Cache Reads","","",0,0,"0 Reads"
"2025-07-10T07:00:00.000Z","2025-07-10","Sandbox Active CPU","","",0,0,"0 ms"
"2025-07-10T07:00:00.000Z","2025-07-10","Secure Compute Data Transfer","","",0,0,"0 B"
"2025-07-10T07:00:00.000Z","2025-07-10","Web Analytics Events","","",0,0,"0 Events"
"2025-07-11T07:00:00.000Z","2025-07-11","Function Duration","","",0,0,"0 GB Hrs"
"2025-07-11T07:00:00.000Z","2025-07-11","Advanced Deployment Protection","","",0,0,""
"2025-07-11T07:00:00.000Z","2025-07-11","Fast Data Transfer","","",0,0,"0 B"
"2025-07-11T07:00:00.000Z","2025-07-11","Fluid Provisioned Memory","","",0,0,"0 GB Hrs"
"2025-07-11T07:00:00.000Z","2025-07-11","Edge Function Execution Units","","",0,0,"0 Execution Units"
"2025-07-11T07:00:00.000Z","2025-07-11","Runtime Cache Writes","","",0,0,"0 Writes"
"2025-07-11T07:00:00.000Z","2025-07-11","Sandbox Provisioned Memory","","",0,0,"0 GB Hrs"
"2025-07-11T07:00:00.000Z","2025-07-11","BotID Requests","","",0,0,"0 Requests"
"2025-07-11T07:00:00.000Z","2025-07-11","ISR Writes","","",0,0,"0 Writes"
"2025-07-11T07:00:00.000Z","2025-07-11","Function Invocations","","",0,0,"0 Invocations"
"2025-07-11T07:00:00.000Z","2025-07-11","Fast Origin Transfer","","",0,0,"0 B"
"2025-07-11T07:00:00.000Z","2025-07-11","Speed Insights Data Points","","",0,0,"0 Data Points"
"2025-07-11T07:00:00.000Z","2025-07-11","Edge Middleware Invocations","","",0,0,"0 Invocations"
"2025-07-11T07:00:00.000Z","2025-07-11","Speed Insights (formerly named Analytics)","","",0,0,"0 Projects"
"2025-07-11T07:00:00.000Z","2025-07-11","Image Optimization Cache Writes","","",0,0,"0 Writes"
"2025-07-11T07:00:00.000Z","2025-07-11","Sandbox Data Transfer","","",0,0,"0 B"
"2025-07-11T07:00:00.000Z","2025-07-11","Preview Deployment Suffix","","",0,0,""
"2025-07-11T07:00:00.000Z","2025-07-11","Monitoring","","",0,0,""
"2025-07-11T07:00:00.000Z","2025-07-11","Blob Storage Size","","",0,0,"0 B"
"2025-07-11T07:00:00.000Z","2025-07-11","Team Seats","","",0,0,"0 Seats"
"2025-07-11T07:00:00.000Z","2025-07-11","Fluid Active CPU","","",0,0,"0 ms"
"2025-07-11T07:00:00.000Z","2025-07-11","Log Drains Volume","","",0,0,"0 B"
"2025-07-11T07:00:00.000Z","2025-07-11","On-Demand Concurrent Build Minutes","","",0,0,"0 ms"
"2025-07-11T07:00:00.000Z","2025-07-11","Firewall Rate Limit Requests","","",0,0,"0 Requests"
"2025-07-11T07:00:00.000Z","2025-07-11","Blob Data Transfer","","",0,0,"0 B"
"2025-07-11T07:00:00.000Z","2025-07-11","Sandbox Creations","","",0,0,"0 Creations"
"2025-07-11T07:00:00.000Z","2025-07-11","Blob Advanced Operations","","",0,0,"0 Operations"
"2025-07-11T07:00:00.000Z","2025-07-11","Monitoring data points","","",0,0,"0 Events"
"2025-07-11T07:00:00.000Z","2025-07-11","Blob Simple Operations","","",0,0,"0 Operations"
"2025-07-11T07:00:00.000Z","2025-07-11","Edge Requests","","",0,0,"0 Requests"
"2025-07-11T07:00:00.000Z","2025-07-11","Source Images","","",0,0,"0 Images"
"2025-07-11T07:00:00.000Z","2025-07-11","Vercel Remote Caching","","",0,0,"0 B"
"2025-07-11T07:00:00.000Z","2025-07-11","Edge Config Writes","","",0,0,"0 Writes"
"2025-07-11T07:00:00.000Z","2025-07-11","Runtime Cache Reads","","",0,0,"0 Reads"
"2025-07-11T07:00:00.000Z","2025-07-11","Edge Request CPU Duration","","",0,0,"0 ms"
"2025-07-11T07:00:00.000Z","2025-07-11","Edge Config Reads","","",0,0,"0 Reads"
"2025-07-11T07:00:00.000Z","2025-07-11","Concurrent Builds","","",0,0,"0 Builds"
"2025-07-11T07:00:00.000Z","2025-07-11","ISR Reads","","",0,0,"0 Reads"
"2025-07-11T07:00:00.000Z","2025-07-11","Image Transformations","","",0,0,"0 Transformations"
"2025-07-11T07:00:00.000Z","2025-07-11","Image Optimization Cache Reads","","",0,0,"0 Reads"
"2025-07-11T07:00:00.000Z","2025-07-11","Sandbox Active CPU","","",0,0,"0 ms"
"2025-07-11T07:00:00.000Z","2025-07-11","Secure Compute Data Transfer","","",0,0,"0 B"
"2025-07-11T07:00:00.000Z","2025-07-11","Web Analytics Events","","",0,0,"0 Events"
"2025-07-12T07:00:00.000Z","2025-07-12","Function Duration","","",0,0,"0 GB Hrs"
"2025-07-12T07:00:00.000Z","2025-07-12","Advanced Deployment Protection","","",0,0,""
"2025-07-12T07:00:00.000Z","2025-07-12","Fast Data Transfer","","",0,0,"0 B"
"2025-07-12T07:00:00.000Z","2025-07-12","Fluid Provisioned Memory","","",0,0,"0 GB Hrs"
"2025-07-12T07:00:00.000Z","2025-07-12","Edge Function Execution Units","","",0,0,"0 Execution Units"
"2025-07-12T07:00:00.000Z","2025-07-12","Runtime Cache Writes","","",0,0,"0 Writes"
"2025-07-12T07:00:00.000Z","2025-07-12","Sandbox Provisioned Memory","","",0,0,"0 GB Hrs"
"2025-07-12T07:00:00.000Z","2025-07-12","BotID Requests","","",0,0,"0 Requests"
"2025-07-12T07:00:00.000Z","2025-07-12","ISR Writes","","",0,0,"0 Writes"
"2025-07-12T07:00:00.000Z","2025-07-12","Function Invocations","","",0,0,"0 Invocations"
"2025-07-12T07:00:00.000Z","2025-07-12","Fast Origin Transfer","","",0,0,"0 B"
"2025-07-12T07:00:00.000Z","2025-07-12","Speed Insights Data Points","","",0,0,"0 Data Points"
"2025-07-12T07:00:00.000Z","2025-07-12","Edge Middleware Invocations","","",0,0,"0 Invocations"
"2025-07-12T07:00:00.000Z","2025-07-12","Speed Insights (formerly named Analytics)","","",0,0,"0 Projects"
"2025-07-12T07:00:00.000Z","2025-07-12","Image Optimization Cache Writes","","",0,0,"0 Writes"
"2025-07-12T07:00:00.000Z","2025-07-12","Sandbox Data Transfer","","",0,0,"0 B"
"2025-07-12T07:00:00.000Z","2025-07-12","Preview Deployment Suffix","","",0,0,""
"2025-07-12T07:00:00.000Z","2025-07-12","Monitoring","","",0,0,""
"2025-07-12T07:00:00.000Z","2025-07-12","Blob Storage Size","","",0,0,"0 B"
"2025-07-12T07:00:00.000Z","2025-07-12","Team Seats","","",0,0,"0 Seats"
"2025-07-12T07:00:00.000Z","2025-07-12","Fluid Active CPU","","",0,0,"0 ms"
"2025-07-12T07:00:00.000Z","2025-07-12","Log Drains Volume","","",0,0,"0 B"
"2025-07-12T07:00:00.000Z","2025-07-12","On-Demand Concurrent Build Minutes","","",0,0,"0 ms"
"2025-07-12T07:00:00.000Z","2025-07-12","Firewall Rate Limit Requests","","",0,0,"0 Requests"
"2025-07-12T07:00:00.000Z","2025-07-12","Blob Data Transfer","","",0,0,"0 B"
"2025-07-12T07:00:00.000Z","2025-07-12","Sandbox Creations","","",0,0,"0 Creations"
"2025-07-12T07:00:00.000Z","2025-07-12","Blob Advanced Operations","","",0,0,"0 Operations"
"2025-07-12T07:00:00.000Z","2025-07-12","Monitoring data points","","",0,0,"0 Events"
"2025-07-12T07:00:00.000Z","2025-07-12","Blob Simple Operations","","",0,0,"0 Operations"
"2025-07-12T07:00:00.000Z","2025-07-12","Edge Requests","","",0,0,"0 Requests"
"2025-07-12T07:00:00.000Z","2025-07-12","Source Images","","",0,0,"0 Images"
"2025-07-12T07:00:00.000Z","2025-07-12","Vercel Remote Caching","","",0,0,"0 B"
"2025-07-12T07:00:00.000Z","2025-07-12","Edge Config Writes","","",0,0,"0 Writes"
"2025-07-12T07:00:00.000Z","2025-07-12","Runtime Cache Reads","","",0,0,"0 Reads"
"2025-07-12T07:00:00.000Z","2025-07-12","Edge Request CPU Duration","","",0,0,"0 ms"
"2025-07-12T07:00:00.000Z","2025-07-12","Edge Config Reads","","",0,0,"0 Reads"
"2025-07-12T07:00:00.000Z","2025-07-12","Concurrent Builds","","",0,0,"0 Builds"
"2025-07-12T07:00:00.000Z","2025-07-12","ISR Reads","","",0,0,"0 Reads"
"2025-07-12T07:00:00.000Z","2025-07-12","Image Transformations","","",0,0,"0 Transformations"
"2025-07-12T07:00:00.000Z","2025-07-12","Image Optimization Cache Reads","","",0,0,"0 Reads"
"2025-07-12T07:00:00.000Z","2025-07-12","Sandbox Active CPU","","",0,0,"0 ms"
"2025-07-12T07:00:00.000Z","2025-07-12","Secure Compute Data Transfer","","",0,0,"0 B"
"2025-07-12T07:00:00.000Z","2025-07-12","Web Analytics Events","","",0,0,"0 Events"
"2025-07-13T07:00:00.000Z","2025-07-13","Function Duration","","",0,0,"0 GB Hrs"
"2025-07-13T07:00:00.000Z","2025-07-13","Advanced Deployment Protection","","",0,0,""
"2025-07-13T07:00:00.000Z","2025-07-13","Fast Data Transfer","","",0,0,"0 B"
"2025-07-13T07:00:00.000Z","2025-07-13","Fluid Provisioned Memory","","",0,0,"0 GB Hrs"
"2025-07-13T07:00:00.000Z","2025-07-13","Edge Function Execution Units","","",0,0,"0 Execution Units"
"2025-07-13T07:00:00.000Z","2025-07-13","Runtime Cache Writes","","",0,0,"0 Writes"
"2025-07-13T07:00:00.000Z","2025-07-13","Sandbox Provisioned Memory","","",0,0,"0 GB Hrs"
"2025-07-13T07:00:00.000Z","2025-07-13","BotID Requests","","",0,0,"0 Requests"
"2025-07-13T07:00:00.000Z","2025-07-13","ISR Writes","","",0,0,"0 Writes"
"2025-07-13T07:00:00.000Z","2025-07-13","Function Invocations","","",0,0,"0 Invocations"
"2025-07-13T07:00:00.000Z","2025-07-13","Fast Origin Transfer","","",0,0,"0 B"
"2025-07-13T07:00:00.000Z","2025-07-13","Speed Insights Data Points","","",0,0,"0 Data Points"
"2025-07-13T07:00:00.000Z","2025-07-13","Edge Middleware Invocations","","",0,0,"0 Invocations"
"2025-07-13T07:00:00.000Z","2025-07-13","Speed Insights (formerly named Analytics)","","",0,0,"0 Projects"
"2025-07-13T07:00:00.000Z","2025-07-13","Image Optimization Cache Writes","","",0,0,"0 Writes"
"2025-07-13T07:00:00.000Z","2025-07-13","Sandbox Data Transfer","","",0,0,"0 B"
"2025-07-13T07:00:00.000Z","2025-07-13","Preview Deployment Suffix","","",0,0,""
"2025-07-13T07:00:00.000Z","2025-07-13","Monitoring","","",0,0,""
"2025-07-13T07:00:00.000Z","2025-07-13","Blob Storage Size","","",0,0,"0 B"
"2025-07-13T07:00:00.000Z","2025-07-13","Team Seats","","",0,0,"0 Seats"
"2025-07-13T07:00:00.000Z","2025-07-13","Fluid Active CPU","","",0,0,"0 ms"
"2025-07-13T07:00:00.000Z","2025-07-13","Log Drains Volume","","",0,0,"0 B"
"2025-07-13T07:00:00.000Z","2025-07-13","On-Demand Concurrent Build Minutes","","",0,0,"0 ms"
"2025-07-13T07:00:00.000Z","2025-07-13","Firewall Rate Limit Requests","","",0,0,"0 Requests"
"2025-07-13T07:00:00.000Z","2025-07-13","Blob Data Transfer","","",0,0,"0 B"
"2025-07-13T07:00:00.000Z","2025-07-13","Sandbox Creations","","",0,0,"0 Creations"
"2025-07-13T07:00:00.000Z","2025-07-13","Blob Advanced Operations","","",0,0,"0 Operations"
"2025-07-13T07:00:00.000Z","2025-07-13","Monitoring data points","","",0,0,"0 Events"
"2025-07-13T07:00:00.000Z","2025-07-13","Blob Simple Operations","","",0,0,"0 Operations"
"2025-07-13T07:00:00.000Z","2025-07-13","Edge Requests","","",0,0,"0 Requests"
"2025-07-13T07:00:00.000Z","2025-07-13","Source Images","","",0,0,"0 Images"
"2025-07-13T07:00:00.000Z","2025-07-13","Vercel Remote Caching","","",0,0,"0 B"
"2025-07-13T07:00:00.000Z","2025-07-13","Edge Config Writes","","",0,0,"0 Writes"
"2025-07-13T07:00:00.000Z","2025-07-13","Runtime Cache Reads","","",0,0,"0 Reads"
"2025-07-13T07:00:00.000Z","2025-07-13","Edge Request CPU Duration","","",0,0,"0 ms"
"2025-07-13T07:00:00.000Z","2025-07-13","Edge Config Reads","","",0,0,"0 Reads"
"2025-07-13T07:00:00.000Z","2025-07-13","Concurrent Builds","","",0,0,"0 Builds"
"2025-07-13T07:00:00.000Z","2025-07-13","ISR Reads","","",0,0,"0 Reads"
"2025-07-13T07:00:00.000Z","2025-07-13","Image Transformations","","",0,0,"0 Transformations"
"2025-07-13T07:00:00.000Z","2025-07-13","Image Optimization Cache Reads","","",0,0,"0 Reads"
"2025-07-13T07:00:00.000Z","2025-07-13","Sandbox Active CPU","","",0,0,"0 ms"
"2025-07-13T07:00:00.000Z","2025-07-13","Secure Compute Data Transfer","","",0,0,"0 B"
"2025-07-13T07:00:00.000Z","2025-07-13","Web Analytics Events","","",0,0,"0 Events"
"2025-07-14T07:00:00.000Z","2025-07-14","Function Duration","","",0,0,"0 GB Hrs"
"2025-07-14T07:00:00.000Z","2025-07-14","Advanced Deployment Protection","","",0,0,""
"2025-07-14T07:00:00.000Z","2025-07-14","Fast Data Transfer","","",0,0,"0 B"
"2025-07-14T07:00:00.000Z","2025-07-14","Fluid Provisioned Memory","","",0,0,"0 GB Hrs"
"2025-07-14T07:00:00.000Z","2025-07-14","Edge Function Execution Units","","",0,0,"0 Execution Units"
"2025-07-14T07:00:00.000Z","2025-07-14","Runtime Cache Writes","","",0,0,"0 Writes"
"2025-07-14T07:00:00.000Z","2025-07-14","Sandbox Provisioned Memory","","",0,0,"0 GB Hrs"
"2025-07-14T07:00:00.000Z","2025-07-14","BotID Requests","","",0,0,"0 Requests"
"2025-07-14T07:00:00.000Z","2025-07-14","ISR Writes","","",0,0,"0 Writes"
"2025-07-14T07:00:00.000Z","2025-07-14","Function Invocations","","",0,0,"0 Invocations"
"2025-07-14T07:00:00.000Z","2025-07-14","Fast Origin Transfer","","",0,0,"0 B"
"2025-07-14T07:00:00.000Z","2025-07-14","Speed Insights Data Points","","",0,0,"0 Data Points"
"2025-07-14T07:00:00.000Z","2025-07-14","Edge Middleware Invocations","","",0,0,"0 Invocations"
"2025-07-14T07:00:00.000Z","2025-07-14","Speed Insights (formerly named Analytics)","","",0,0,"0 Projects"
"2025-07-14T07:00:00.000Z","2025-07-14","Image Optimization Cache Writes","","",0,0,"0 Writes"
"2025-07-14T07:00:00.000Z","2025-07-14","Sandbox Data Transfer","","",0,0,"0 B"
"2025-07-14T07:00:00.000Z","2025-07-14","Preview Deployment Suffix","","",0,0,""
"2025-07-14T07:00:00.000Z","2025-07-14","Monitoring","","",0,0,""
"2025-07-14T07:00:00.000Z","2025-07-14","Blob Storage Size","","",0,0,"0 B"
"2025-07-14T07:00:00.000Z","2025-07-14","Team Seats","","",0,0,"0 Seats"
"2025-07-14T07:00:00.000Z","2025-07-14","Fluid Active CPU","","",0,0,"0 ms"
"2025-07-14T07:00:00.000Z","2025-07-14","Log Drains Volume","","",0,0,"0 B"
"2025-07-14T07:00:00.000Z","2025-07-14","On-Demand Concurrent Build Minutes","","",0,0,"0 ms"
"2025-07-14T07:00:00.000Z","2025-07-14","Firewall Rate Limit Requests","","",0,0,"0 Requests"
"2025-07-14T07:00:00.000Z","2025-07-14","Blob Data Transfer","","",0,0,"0 B"
"2025-07-14T07:00:00.000Z","2025-07-14","Sandbox Creations","","",0,0,"0 Creations"
"2025-07-14T07:00:00.000Z","2025-07-14","Blob Advanced Operations","","",0,0,"0 Operations"
"2025-07-14T07:00:00.000Z","2025-07-14","Monitoring data points","","",0,0,"0 Events"
"2025-07-14T07:00:00.000Z","2025-07-14","Blob Simple Operations","","",0,0,"0 Operations"
"2025-07-14T07:00:00.000Z","2025-07-14","Edge Requests","","",0,0,"0 Requests"
"2025-07-14T07:00:00.000Z","2025-07-14","Source Images","","",0,0,"0 Images"
"2025-07-14T07:00:00.000Z","2025-07-14","Vercel Remote Caching","","",0,0,"0 B"
"2025-07-14T07:00:00.000Z","2025-07-14","Edge Config Writes","","",0,0,"0 Writes"
"2025-07-14T07:00:00.000Z","2025-07-14","Runtime Cache Reads","","",0,0,"0 Reads"
"2025-07-14T07:00:00.000Z","2025-07-14","Edge Request CPU Duration","","",0,0,"0 ms"
"2025-07-14T07:00:00.000Z","2025-07-14","Edge Config Reads","","",0,0,"0 Reads"
"2025-07-14T07:00:00.000Z","2025-07-14","Concurrent Builds","","",0,0,"0 Builds"
"2025-07-14T07:00:00.000Z","2025-07-14","ISR Reads","","",0,0,"0 Reads"
"2025-07-14T07:00:00.000Z","2025-07-14","Image Transformations","","",0,0,"0 Transformations"
"2025-07-14T07:00:00.000Z","2025-07-14","Image Optimization Cache Reads","","",0,0,"0 Reads"
"2025-07-14T07:00:00.000Z","2025-07-14","Sandbox Active CPU","","",0,0,"0 ms"
"2025-07-14T07:00:00.000Z","2025-07-14","Secure Compute Data Transfer","","",0,0,"0 B"
"2025-07-14T07:00:00.000Z","2025-07-14","Web Analytics Events","","",0,0,"0 Events"
"2025-07-15T07:00:00.000Z","2025-07-15","Function Duration","","",0,0,"0 GB Hrs"
"2025-07-15T07:00:00.000Z","2025-07-15","Advanced Deployment Protection","","",0,0,""
"2025-07-15T07:00:00.000Z","2025-07-15","Fast Data Transfer","","",0,0,"0 B"
"2025-07-15T07:00:00.000Z","2025-07-15","Fluid Provisioned Memory","","",0,0,"0 GB Hrs"
"2025-07-15T07:00:00.000Z","2025-07-15","Edge Function Execution Units","","",0,0,"0 Execution Units"
"2025-07-15T07:00:00.000Z","2025-07-15","Runtime Cache Writes","","",0,0,"0 Writes"
"2025-07-15T07:00:00.000Z","2025-07-15","Sandbox Provisioned Memory","","",0,0,"0 GB Hrs"
"2025-07-15T07:00:00.000Z","2025-07-15","BotID Requests","","",0,0,"0 Requests"
"2025-07-15T07:00:00.000Z","2025-07-15","ISR Writes","","",0,0,"0 Writes"
"2025-07-15T07:00:00.000Z","2025-07-15","Function Invocations","","",0,0,"0 Invocations"
"2025-07-15T07:00:00.000Z","2025-07-15","Fast Origin Transfer","","",0,0,"0 B"
"2025-07-15T07:00:00.000Z","2025-07-15","Speed Insights Data Points","","",0,0,"0 Data Points"
"2025-07-15T07:00:00.000Z","2025-07-15","Edge Middleware Invocations","","",0,0,"0 Invocations"
"2025-07-15T07:00:00.000Z","2025-07-15","Speed Insights (formerly named Analytics)","","",0,0,"0 Projects"
"2025-07-15T07:00:00.000Z","2025-07-15","Image Optimization Cache Writes","","",0,0,"0 Writes"
"2025-07-15T07:00:00.000Z","2025-07-15","Sandbox Data Transfer","","",0,0,"0 B"
"2025-07-15T07:00:00.000Z","2025-07-15","Preview Deployment Suffix","","",0,0,""
"2025-07-15T07:00:00.000Z","2025-07-15","Monitoring","","",0,0,""
"2025-07-15T07:00:00.000Z","2025-07-15","Blob Storage Size","","",0,0,"0 B"
"2025-07-15T07:00:00.000Z","2025-07-15","Team Seats","","",0,0,"0 Seats"
"2025-07-15T07:00:00.000Z","2025-07-15","Fluid Active CPU","","",0,0,"0 ms"
"2025-07-15T07:00:00.000Z","2025-07-15","Log Drains Volume","","",0,0,"0 B"
"2025-07-15T07:00:00.000Z","2025-07-15","On-Demand Concurrent Build Minutes","","",0,0,"0 ms"
"2025-07-15T07:00:00.000Z","2025-07-15","Firewall Rate Limit Requests","","",0,0,"0 Requests"
"2025-07-15T07:00:00.000Z","2025-07-15","Blob Data Transfer","","",0,0,"0 B"
"2025-07-15T07:00:00.000Z","2025-07-15","Sandbox Creations","","",0,0,"0 Creations"
"2025-07-15T07:00:00.000Z","2025-07-15","Blob Advanced Operations","","",0,0,"0 Operations"
"2025-07-15T07:00:00.000Z","2025-07-15","Monitoring data points","","",0,0,"0 Events"
"2025-07-15T07:00:00.000Z","2025-07-15","Blob Simple Operations","","",0,0,"0 Operations"
"2025-07-15T07:00:00.000Z","2025-07-15","Edge Requests","","",0,0,"0 Requests"
"2025-07-15T07:00:00.000Z","2025-07-15","Source Images","","",0,0,"0 Images"
"2025-07-15T07:00:00.000Z","2025-07-15","Vercel Remote Caching","","",0,0,"0 B"
"2025-07-15T07:00:00.000Z","2025-07-15","Edge Config Writes","","",0,0,"0 Writes"
"2025-07-15T07:00:00.000Z","2025-07-15","Runtime Cache Reads","","",0,0,"0 Reads"
"2025-07-15T07:00:00.000Z","2025-07-15","Edge Request CPU Duration","","",0,0,"0 ms"
"2025-07-15T07:00:00.000Z","2025-07-15","Edge Config Reads","","",0,0,"0 Reads"
"2025-07-15T07:00:00.000Z","2025-07-15","Concurrent Builds","","",0,0,"0 Builds"
"2025-07-15T07:00:00.000Z","2025-07-15","ISR Reads","","",0,0,"0 Reads"
"2025-07-15T07:00:00.000Z","2025-07-15","Image Transformations","","",0,0,"0 Transformations"
"2025-07-15T07:00:00.000Z","2025-07-15","Image Optimization Cache Reads","","",0,0,"0 Reads"
"2025-07-15T07:00:00.000Z","2025-07-15","Sandbox Active CPU","","",0,0,"0 ms"
"2025-07-15T07:00:00.000Z","2025-07-15","Secure Compute Data Transfer","","",0,0,"0 B"
"2025-07-15T07:00:00.000Z","2025-07-15","Web Analytics Events","","",0,0,"0 Events"
"2025-07-16T07:00:00.000Z","2025-07-16","Function Duration","","",0,0,"0 GB Hrs"
"2025-07-16T07:00:00.000Z","2025-07-16","Advanced Deployment Protection","","",0,0,""
"2025-07-16T07:00:00.000Z","2025-07-16","Fast Data Transfer","","",0,0,"0 B"
"2025-07-16T07:00:00.000Z","2025-07-16","Fluid Provisioned Memory","","",0,0,"0 GB Hrs"
"2025-07-16T07:00:00.000Z","2025-07-16","Edge Function Execution Units","","",0,0,"0 Execution Units"
"2025-07-16T07:00:00.000Z","2025-07-16","Runtime Cache Writes","","",0,0,"0 Writes"
"2025-07-16T07:00:00.000Z","2025-07-16","Sandbox Provisioned Memory","","",0,0,"0 GB Hrs"
"2025-07-16T07:00:00.000Z","2025-07-16","BotID Requests","","",0,0,"0 Requests"
"2025-07-16T07:00:00.000Z","2025-07-16","ISR Writes","","",0,0,"0 Writes"
"2025-07-16T07:00:00.000Z","2025-07-16","Function Invocations","","",0,0,"0 Invocations"
"2025-07-16T07:00:00.000Z","2025-07-16","Fast Origin Transfer","","",0,0,"0 B"
"2025-07-16T07:00:00.000Z","2025-07-16","Speed Insights Data Points","","",0,0,"0 Data Points"
"2025-07-16T07:00:00.000Z","2025-07-16","Edge Middleware Invocations","","",0,0,"0 Invocations"
"2025-07-16T07:00:00.000Z","2025-07-16","Speed Insights (formerly named Analytics)","","",0,0,"0 Projects"
"2025-07-16T07:00:00.000Z","2025-07-16","Image Optimization Cache Writes","","",0,0,"0 Writes"
"2025-07-16T07:00:00.000Z","2025-07-16","Sandbox Data Transfer","","",0,0,"0 B"
"2025-07-16T07:00:00.000Z","2025-07-16","Preview Deployment Suffix","","",0,0,""
"2025-07-16T07:00:00.000Z","2025-07-16","Monitoring","","",0,0,""
"2025-07-16T07:00:00.000Z","2025-07-16","Blob Storage Size","","",0,0,"0 B"
"2025-07-16T07:00:00.000Z","2025-07-16","Team Seats","","",0,0,"0 Seats"
"2025-07-16T07:00:00.000Z","2025-07-16","Fluid Active CPU","","",0,0,"0 ms"
"2025-07-16T07:00:00.000Z","2025-07-16","Log Drains Volume","","",0,0,"0 B"
"2025-07-16T07:00:00.000Z","2025-07-16","On-Demand Concurrent Build Minutes","","",0,0,"0 ms"
"2025-07-16T07:00:00.000Z","2025-07-16","Firewall Rate Limit Requests","","",0,0,"0 Requests"
"2025-07-16T07:00:00.000Z","2025-07-16","Blob Data Transfer","","",0,0,"0 B"
"2025-07-16T07:00:00.000Z","2025-07-16","Sandbox Creations","","",0,0,"0 Creations"
"2025-07-16T07:00:00.000Z","2025-07-16","Blob Advanced Operations","","",0,0,"0 Operations"
"2025-07-16T07:00:00.000Z","2025-07-16","Monitoring data points","","",0,0,"0 Events"
"2025-07-16T07:00:00.000Z","2025-07-16","Blob Simple Operations","","",0,0,"0 Operations"
"2025-07-16T07:00:00.000Z","2025-07-16","Edge Requests","","",0,0,"0 Requests"
"2025-07-16T07:00:00.000Z","2025-07-16","Source Images","","",0,0,"0 Images"
"2025-07-16T07:00:00.000Z","2025-07-16","Vercel Remote Caching","","",0,0,"0 B"
"2025-07-16T07:00:00.000Z","2025-07-16","Edge Config Writes","","",0,0,"0 Writes"
"2025-07-16T07:00:00.000Z","2025-07-16","Runtime Cache Reads","","",0,0,"0 Reads"
"2025-07-16T07:00:00.000Z","2025-07-16","Edge Request CPU Duration","","",0,0,"0 ms"
"2025-07-16T07:00:00.000Z","2025-07-16","Edge Config Reads","","",0,0,"0 Reads"
"2025-07-16T07:00:00.000Z","2025-07-16","Concurrent Builds","","",0,0,"0 Builds"
"2025-07-16T07:00:00.000Z","2025-07-16","ISR Reads","","",0,0,"0 Reads"
"2025-07-16T07:00:00.000Z","2025-07-16","Image Transformations","","",0,0,"0 Transformations"
"2025-07-16T07:00:00.000Z","2025-07-16","Image Optimization Cache Reads","","",0,0,"0 Reads"
"2025-07-16T07:00:00.000Z","2025-07-16","Sandbox Active CPU","","",0,0,"0 ms"
"2025-07-16T07:00:00.000Z","2025-07-16","Secure Compute Data Transfer","","",0,0,"0 B"
"2025-07-16T07:00:00.000Z","2025-07-16","Web Analytics Events","","",0,0,"0 Events"
"2025-07-17T07:00:00.000Z","2025-07-17","Function Duration","","",0,0,"0 GB Hrs"
"2025-07-17T07:00:00.000Z","2025-07-17","Advanced Deployment Protection","","",0,0,""
"2025-07-17T07:00:00.000Z","2025-07-17","Fast Data Transfer","","",0,0,"0 B"
"2025-07-17T07:00:00.000Z","2025-07-17","Fluid Provisioned Memory","","",0,0,"0 GB Hrs"
"2025-07-17T07:00:00.000Z","2025-07-17","Edge Function Execution Units","","",0,0,"0 Execution Units"
"2025-07-17T07:00:00.000Z","2025-07-17","Runtime Cache Writes","","",0,0,"0 Writes"
"2025-07-17T07:00:00.000Z","2025-07-17","Sandbox Provisioned Memory","","",0,0,"0 GB Hrs"
"2025-07-17T07:00:00.000Z","2025-07-17","BotID Requests","","",0,0,"0 Requests"
"2025-07-17T07:00:00.000Z","2025-07-17","ISR Writes","","",0,0,"0 Writes"
"2025-07-17T07:00:00.000Z","2025-07-17","Function Invocations","","",0,0,"0 Invocations"
"2025-07-17T07:00:00.000Z","2025-07-17","Fast Origin Transfer","","",0,0,"0 B"
"2025-07-17T07:00:00.000Z","2025-07-17","Speed Insights Data Points","","",0,0,"0 Data Points"
"2025-07-17T07:00:00.000Z","2025-07-17","Edge Middleware Invocations","","",0,0,"0 Invocations"
"2025-07-17T07:00:00.000Z","2025-07-17","Speed Insights (formerly named Analytics)","","",0,0,"0 Projects"
"2025-07-17T07:00:00.000Z","2025-07-17","Image Optimization Cache Writes","","",0,0,"0 Writes"
"2025-07-17T07:00:00.000Z","2025-07-17","Sandbox Data Transfer","","",0,0,"0 B"
"2025-07-17T07:00:00.000Z","2025-07-17","Preview Deployment Suffix","","",0,0,""
"2025-07-17T07:00:00.000Z","2025-07-17","Monitoring","","",0,0,""
"2025-07-17T07:00:00.000Z","2025-07-17","Blob Storage Size","","",0,0,"0 B"
"2025-07-17T07:00:00.000Z","2025-07-17","Team Seats","","",0,0,"0 Seats"
"2025-07-17T07:00:00.000Z","2025-07-17","Fluid Active CPU","","",0,0,"0 ms"
"2025-07-17T07:00:00.000Z","2025-07-17","Log Drains Volume","","",0,0,"0 B"
"2025-07-17T07:00:00.000Z","2025-07-17","On-Demand Concurrent Build Minutes","","",0,0,"0 ms"
"2025-07-17T07:00:00.000Z","2025-07-17","Firewall Rate Limit Requests","","",0,0,"0 Requests"
"2025-07-17T07:00:00.000Z","2025-07-17","Blob Data Transfer","","",0,0,"0 B"
"2025-07-17T07:00:00.000Z","2025-07-17","Sandbox Creations","","",0,0,"0 Creations"
"2025-07-17T07:00:00.000Z","2025-07-17","Blob Advanced Operations","","",0,0,"0 Operations"
"2025-07-17T07:00:00.000Z","2025-07-17","Monitoring data points","","",0,0,"0 Events"
"2025-07-17T07:00:00.000Z","2025-07-17","Blob Simple Operations","","",0,0,"0 Operations"
"2025-07-17T07:00:00.000Z","2025-07-17","Edge Requests","","",0,0,"0 Requests"
"2025-07-17T07:00:00.000Z","2025-07-17","Source Images","","",0,0,"0 Images"
"2025-07-17T07:00:00.000Z","2025-07-17","Vercel Remote Caching","","",0,0,"0 B"
"2025-07-17T07:00:00.000Z","2025-07-17","Edge Config Writes","","",0,0,"0 Writes"
"2025-07-17T07:00:00.000Z","2025-07-17","Runtime Cache Reads","","",0,0,"0 Reads"
"2025-07-17T07:00:00.000Z","2025-07-17","Edge Request CPU Duration","","",0,0,"0 ms"
"2025-07-17T07:00:00.000Z","2025-07-17","Edge Config Reads","","",0,0,"0 Reads"
"2025-07-17T07:00:00.000Z","2025-07-17","Concurrent Builds","","",0,0,"0 Builds"
"2025-07-17T07:00:00.000Z","2025-07-17","ISR Reads","","",0,0,"0 Reads"
"2025-07-17T07:00:00.000Z","2025-07-17","Image Transformations","","",0,0,"0 Transformations"
"2025-07-17T07:00:00.000Z","2025-07-17","Image Optimization Cache Reads","","",0,0,"0 Reads"
"2025-07-17T07:00:00.000Z","2025-07-17","Sandbox Active CPU","","",0,0,"0 ms"
"2025-07-17T07:00:00.000Z","2025-07-17","Secure Compute Data Transfer","","",0,0,"0 B"
"2025-07-17T07:00:00.000Z","2025-07-17","Web Analytics Events","","",0,0,"0 Events"
"2025-07-18T07:00:00.000Z","2025-07-18","Function Duration","","",0,0,"0 GB Hrs"
"2025-07-18T07:00:00.000Z","2025-07-18","Advanced Deployment Protection","","",0,0,""
"2025-07-18T07:00:00.000Z","2025-07-18","Fast Data Transfer","","",0,0,"0 B"
"2025-07-18T07:00:00.000Z","2025-07-18","Fluid Provisioned Memory","","",0,0,"0 GB Hrs"
"2025-07-18T07:00:00.000Z","2025-07-18","Edge Function Execution Units","","",0,0,"0 Execution Units"
"2025-07-18T07:00:00.000Z","2025-07-18","Runtime Cache Writes","","",0,0,"0 Writes"
"2025-07-18T07:00:00.000Z","2025-07-18","Sandbox Provisioned Memory","","",0,0,"0 GB Hrs"
"2025-07-18T07:00:00.000Z","2025-07-18","BotID Requests","","",0,0,"0 Requests"
"2025-07-18T07:00:00.000Z","2025-07-18","ISR Writes","","",0,0,"0 Writes"
"2025-07-18T07:00:00.000Z","2025-07-18","Function Invocations","","",0,0,"0 Invocations"
"2025-07-18T07:00:00.000Z","2025-07-18","Fast Origin Transfer","","",0,0,"0 B"
"2025-07-18T07:00:00.000Z","2025-07-18","Speed Insights Data Points","","",0,0,"0 Data Points"
"2025-07-18T07:00:00.000Z","2025-07-18","Edge Middleware Invocations","","",0,0,"0 Invocations"
"2025-07-18T07:00:00.000Z","2025-07-18","Speed Insights (formerly named Analytics)","","",0,0,"0 Projects"
"2025-07-18T07:00:00.000Z","2025-07-18","Image Optimization Cache Writes","","",0,0,"0 Writes"
"2025-07-18T07:00:00.000Z","2025-07-18","Sandbox Data Transfer","","",0,0,"0 B"
"2025-07-18T07:00:00.000Z","2025-07-18","Preview Deployment Suffix","","",0,0,""
"2025-07-18T07:00:00.000Z","2025-07-18","Monitoring","","",0,0,""
"2025-07-18T07:00:00.000Z","2025-07-18","Blob Storage Size","","",0,0,"0 B"
"2025-07-18T07:00:00.000Z","2025-07-18","Team Seats","","",0,0,"0 Seats"
"2025-07-18T07:00:00.000Z","2025-07-18","Fluid Active CPU","","",0,0,"0 ms"
"2025-07-18T07:00:00.000Z","2025-07-18","Log Drains Volume","","",0,0,"0 B"
"2025-07-18T07:00:00.000Z","2025-07-18","On-Demand Concurrent Build Minutes","","",0,0,"0 ms"
"2025-07-18T07:00:00.000Z","2025-07-18","Firewall Rate Limit Requests","","",0,0,"0 Requests"
"2025-07-18T07:00:00.000Z","2025-07-18","Blob Data Transfer","","",0,0,"0 B"
"2025-07-18T07:00:00.000Z","2025-07-18","Sandbox Creations","","",0,0,"0 Creations"
"2025-07-18T07:00:00.000Z","2025-07-18","Blob Advanced Operations","","",0,0,"0 Operations"
"2025-07-18T07:00:00.000Z","2025-07-18","Monitoring data points","","",0,0,"0 Events"
"2025-07-18T07:00:00.000Z","2025-07-18","Blob Simple Operations","","",0,0,"0 Operations"
"2025-07-18T07:00:00.000Z","2025-07-18","Edge Requests","","",0,0,"0 Requests"
"2025-07-18T07:00:00.000Z","2025-07-18","Source Images","","",0,0,"0 Images"
"2025-07-18T07:00:00.000Z","2025-07-18","Vercel Remote Caching","","",0,0,"0 B"
"2025-07-18T07:00:00.000Z","2025-07-18","Edge Config Writes","","",0,0,"0 Writes"
"2025-07-18T07:00:00.000Z","2025-07-18","Runtime Cache Reads","","",0,0,"0 Reads"
"2025-07-18T07:00:00.000Z","2025-07-18","Edge Request CPU Duration","","",0,0,"0 ms"
"2025-07-18T07:00:00.000Z","2025-07-18","Edge Config Reads","","",0,0,"0 Reads"
"2025-07-18T07:00:00.000Z","2025-07-18","Concurrent Builds","","",0,0,"0 Builds"
"2025-07-18T07:00:00.000Z","2025-07-18","ISR Reads","","",0,0,"0 Reads"
"2025-07-18T07:00:00.000Z","2025-07-18","Image Transformations","","",0,0,"0 Transformations"
"2025-07-18T07:00:00.000Z","2025-07-18","Image Optimization Cache Reads","","",0,0,"0 Reads"
"2025-07-18T07:00:00.000Z","2025-07-18","Sandbox Active CPU","","",0,0,"0 ms"
"2025-07-18T07:00:00.000Z","2025-07-18","Secure Compute Data Transfer","","",0,0,"0 B"
"2025-07-18T07:00:00.000Z","2025-07-18","Web Analytics Events","","",0,0,"0 Events"